id,first_name,last_name,email,gender,ip_address
1,Elmore,Lamas,elamas0@time.com,Male,104.157.199.29
2,Teodor,Malec,tmalec1@123-reg.co.uk,Male,29.101.241.68
3,Wren,Rings,wrings2@csmonitor.com,Female,28.224.106.44
4,Ignatius,McLinden,imclinden3@quantcast.com,Male,127.0.129.80
5,Trina,Hub,thub4@sun.com,Female,234.202.146.162
6,Rochella,Kulis,rkulis5@arizona.edu,Genderqueer,57.129.164.144
7,Aube,Goreisr,agoreisr6@washingtonpost.com,Male,239.208.222.49
8,Quinlan,Segeswoeth,qsegeswoeth7@squidoo.com,Male,2.188.188.109
9,Dionis,Haye,dhaye8@chronoengine.com,Agender,10.91.172.187
10,Stanton,Leimster,sleimster9@paypal.com,Bigender,141.202.221.149
